{
  "SearchRequest" : {
    "transaction" : "SearchRequest",
    "sampleCount" : 112,
    "errorCount" : 0,
    "errorPct" : 0.0,
    "meanResTime" : 594.2499999999998,
    "medianResTime" : 218.0,
    "minResTime" : 151.0,
    "maxResTime" : 2208.0,
    "pct1ResTime" : 1665.4,
    "pct2ResTime" : 1854.6999999999998,
    "pct3ResTime" : 2206.57,
    "throughput" : 0.9522352020949175,
    "receivedKBytesPerSec" : 66.62762010810421,
    "sentKBytesPerSec" : 0.7155214603632097
  },
  "HomePage" : {
    "transaction" : "HomePage",
    "sampleCount" : 113,
    "errorCount" : 0,
    "errorPct" : 0.0,
    "meanResTime" : 470.09734513274316,
    "medianResTime" : 434.0,
    "minResTime" : 366.0,
    "maxResTime" : 1837.0,
    "pct1ResTime" : 553.0,
    "pct2ResTime" : 625.6999999999999,
    "pct3ResTime" : 1728.2199999999996,
    "throughput" : 0.9416274321903254,
    "receivedKBytesPerSec" : 62.10833337673431,
    "sentKBytesPerSec" : 0.6563528602974876
  },
  "Total" : {
    "transaction" : "Total",
    "sampleCount" : 225,
    "errorCount" : 0,
    "errorPct" : 0.0,
    "meanResTime" : 531.8977777777777,
    "medianResTime" : 426.0,
    "minResTime" : 151.0,
    "maxResTime" : 2208.0,
    "pct1ResTime" : 1415.6000000000001,
    "pct2ResTime" : 1675.1,
    "pct3ResTime" : 2135.380000000002,
    "throughput" : 1.8749218782550727,
    "receivedKBytesPerSec" : 127.41067429482105,
    "sentKBytesPerSec" : 1.3576419992916962
  }
}